policy,run_id,scenario,pairs,avg_total_cost,avg_net_cost,avg_net_load,bess_target_rate,ev1_target_rate,ev2_target_rate,run_tag,preset,household_count,scenario_count,short_window_size,long_window_size,short_weight,conf_interval_frct,persistence_mode,persistence_range,persistence_constant_alpha,trend_weight,trend_window,trend_range,source_average_beta,source_average_beta_base_load,source_average_beta_pv_gen
mpc_hybrid_ma_sw2_lw96_w0.50_pmnone_stage11_short_grid_lw96_w05,14,default_scenario,48,7.965254924682976,7.2161070080163086,48.64802008119157,1.0,1.0,0.9791666666666666,stage11_short_grid_lw96_w05,manual,48,6,2,96,0.5,0.0,none,8,0.5,0.0,4,4,0.0,0.0,0.0
mpc_hybrid_ma_sw2_lw96_w0.50_pmnone_stage11_short_grid_lw96_w05,14,relaxed_high_start,48,3.7209734639214975,2.971825547254831,16.651080098479422,1.0,1.0,1.0,stage11_short_grid_lw96_w05,manual,48,6,2,96,0.5,0.0,none,8,0.5,0.0,4,4,0.0,0.0,0.0
mpc_hybrid_ma_sw2_lw96_w0.50_pmnone_stage11_short_grid_lw96_w05,14,relaxed_low_start,48,12.185749642278578,11.43660172561191,82.95307446013807,1.0,1.0,0.9791666666666666,stage11_short_grid_lw96_w05,manual,48,6,2,96,0.5,0.0,none,8,0.5,0.0,4,4,0.0,0.0,0.0
mpc_hybrid_ma_sw2_lw96_w0.50_pmnone_stage11_short_grid_lw96_w05,14,stressed_high_start,48,5.039816739480508,4.290668822813841,26.401224967821552,1.0,1.0,1.0,stage11_short_grid_lw96_w05,manual,48,6,2,96,0.5,0.0,none,8,0.5,0.0,4,4,0.0,0.0,0.0
mpc_hybrid_ma_sw2_lw96_w0.50_pmnone_stage11_short_grid_lw96_w05,14,stressed_low_start,48,13.484168959445654,12.735021042778989,96.29660415888883,1.0,1.0,1.0,stage11_short_grid_lw96_w05,manual,48,6,2,96,0.5,0.0,none,8,0.5,0.0,4,4,0.0,0.0,0.0
mpc_hybrid_ma_sw2_lw96_w0.50_pmnone_stage11_short_grid_lw96_w05,14,stressed_mid_start,48,9.342875891728442,8.593727975061777,59.87627553405853,1.0,1.0,1.0,stage11_short_grid_lw96_w05,manual,48,6,2,96,0.5,0.0,none,8,0.5,0.0,4,4,0.0,0.0,0.0
mpc_hybrid_ma_sw4_lw96_w0.50_pmnone_stage11_short_grid_lw96_w05,15,default_scenario,48,7.975616653950755,7.2264687372840894,48.647248617309515,1.0,1.0,0.9791666666666666,stage11_short_grid_lw96_w05,manual,48,6,4,96,0.5,0.0,none,8,0.5,0.0,4,4,0.0,0.0,0.0
mpc_hybrid_ma_sw4_lw96_w0.50_pmnone_stage11_short_grid_lw96_w05,15,relaxed_high_start,48,3.731392900970238,2.982244984303571,16.65166557204029,1.0,1.0,1.0,stage11_short_grid_lw96_w05,manual,48,6,4,96,0.5,0.0,none,8,0.5,0.0,4,4,0.0,0.0,0.0
mpc_hybrid_ma_sw4_lw96_w0.50_pmnone_stage11_short_grid_lw96_w05,15,relaxed_low_start,48,12.196145995525354,11.44699807885869,82.95204210407745,1.0,1.0,0.9791666666666666,stage11_short_grid_lw96_w05,manual,48,6,4,96,0.5,0.0,none,8,0.5,0.0,4,4,0.0,0.0,0.0
mpc_hybrid_ma_sw4_lw96_w0.50_pmnone_stage11_short_grid_lw96_w05,15,stressed_high_start,48,5.050031445697166,4.300883529030499,26.399654836217056,1.0,1.0,1.0,stage11_short_grid_lw96_w05,manual,48,6,4,96,0.5,0.0,none,8,0.5,0.0,4,4,0.0,0.0,0.0
mpc_hybrid_ma_sw4_lw96_w0.50_pmnone_stage11_short_grid_lw96_w05,15,stressed_low_start,48,13.494315488611926,12.74516757194526,96.29628666396513,1.0,1.0,1.0,stage11_short_grid_lw96_w05,manual,48,6,4,96,0.5,0.0,none,8,0.5,0.0,4,4,0.0,0.0,0.0
mpc_hybrid_ma_sw4_lw96_w0.50_pmnone_stage11_short_grid_lw96_w05,15,stressed_mid_start,48,9.3533740524347,8.604226135768034,59.874641555060634,1.0,1.0,1.0,stage11_short_grid_lw96_w05,manual,48,6,4,96,0.5,0.0,none,8,0.5,0.0,4,4,0.0,0.0,0.0
mpc_hybrid_ma_sw8_lw96_w0.50_pmnone_stage11_short_grid_lw96_w05,16,default_scenario,48,7.993473998615664,7.244326081948998,48.64436717217236,1.0,1.0,0.9791666666666666,stage11_short_grid_lw96_w05,manual,48,6,8,96,0.5,0.0,none,8,0.5,0.0,4,4,0.0,0.0,0.0
mpc_hybrid_ma_sw8_lw96_w0.50_pmnone_stage11_short_grid_lw96_w05,16,relaxed_high_start,48,3.747875874401348,2.998727957734681,16.64801031947433,1.0,1.0,1.0,stage11_short_grid_lw96_w05,manual,48,6,8,96,0.5,0.0,none,8,0.5,0.0,4,4,0.0,0.0,0.0
mpc_hybrid_ma_sw8_lw96_w0.50_pmnone_stage11_short_grid_lw96_w05,16,relaxed_low_start,48,12.213865049854588,11.46471713318792,82.94912489981269,1.0,1.0,0.9791666666666666,stage11_short_grid_lw96_w05,manual,48,6,8,96,0.5,0.0,none,8,0.5,0.0,4,4,0.0,0.0,0.0
mpc_hybrid_ma_sw8_lw96_w0.50_pmnone_stage11_short_grid_lw96_w05,16,stressed_high_start,48,5.066142415436406,4.3169944987697395,26.392583825384595,1.0,1.0,1.0,stage11_short_grid_lw96_w05,manual,48,6,8,96,0.5,0.0,none,8,0.5,0.0,4,4,0.0,0.0,0.0
mpc_hybrid_ma_sw8_lw96_w0.50_pmnone_stage11_short_grid_lw96_w05,16,stressed_low_start,48,13.510747832965015,12.761599916298346,96.29072988255103,1.0,1.0,1.0,stage11_short_grid_lw96_w05,manual,48,6,8,96,0.5,0.0,none,8,0.5,0.0,4,4,0.0,0.0,0.0
mpc_hybrid_ma_sw8_lw96_w0.50_pmnone_stage11_short_grid_lw96_w05,16,stressed_mid_start,48,9.369181174021,8.620033257354335,59.867565344366426,1.0,1.0,1.0,stage11_short_grid_lw96_w05,manual,48,6,8,96,0.5,0.0,none,8,0.5,0.0,4,4,0.0,0.0,0.0
mpc_hybrid_ma_sw12_lw96_w0.50_pmnone_stage11_short_grid_lw96_w05,17,default_scenario,48,8.01651803334471,7.267370116678042,48.638086801283684,1.0,1.0,0.9791666666666666,stage11_short_grid_lw96_w05,manual,48,6,12,96,0.5,0.0,none,8,0.5,0.0,4,4,0.0,0.0,0.0
mpc_hybrid_ma_sw12_lw96_w0.50_pmnone_stage11_short_grid_lw96_w05,17,relaxed_high_start,48,3.7709815234645436,3.021833606797877,16.641526166599824,1.0,1.0,1.0,stage11_short_grid_lw96_w05,manual,48,6,12,96,0.5,0.0,none,8,0.5,0.0,4,4,0.0,0.0,0.0
mpc_hybrid_ma_sw12_lw96_w0.50_pmnone_stage11_short_grid_lw96_w05,17,relaxed_low_start,48,12.237018745392282,11.487870828725613,82.94277264459897,1.0,1.0,0.9791666666666666,stage11_short_grid_lw96_w05,manual,48,6,12,96,0.5,0.0,none,8,0.5,0.0,4,4,0.0,0.0,0.0
mpc_hybrid_ma_sw12_lw96_w0.50_pmnone_stage11_short_grid_lw96_w05,17,stressed_high_start,48,5.089284607550513,4.340136690883846,26.3800641729411,1.0,1.0,1.0,stage11_short_grid_lw96_w05,manual,48,6,12,96,0.5,0.0,none,8,0.5,0.0,4,4,0.0,0.0,0.0
mpc_hybrid_ma_sw12_lw96_w0.50_pmnone_stage11_short_grid_lw96_w05,17,stressed_low_start,48,13.535193469685675,12.78604555301901,96.27727942585555,1.0,1.0,1.0,stage11_short_grid_lw96_w05,manual,48,6,12,96,0.5,0.0,none,8,0.5,0.0,4,4,0.0,0.0,0.0
mpc_hybrid_ma_sw12_lw96_w0.50_pmnone_stage11_short_grid_lw96_w05,17,stressed_mid_start,48,9.392393098457198,8.643245181790531,59.85508406502793,1.0,1.0,1.0,stage11_short_grid_lw96_w05,manual,48,6,12,96,0.5,0.0,none,8,0.5,0.0,4,4,0.0,0.0,0.0
mpc_hybrid_ma_sw16_lw96_w0.50_pmnone_stage11_short_grid_lw96_w05,18,default_scenario,48,8.029839335843276,7.280691419176608,48.627624332286906,1.0,1.0,0.9791666666666666,stage11_short_grid_lw96_w05,manual,48,6,16,96,0.5,0.0,none,8,0.5,0.0,4,4,0.0,0.0,0.0
mpc_hybrid_ma_sw16_lw96_w0.50_pmnone_stage11_short_grid_lw96_w05,18,relaxed_high_start,48,3.78464513872551,3.035497222058843,16.628025649777577,1.0,1.0,1.0,stage11_short_grid_lw96_w05,manual,48,6,16,96,0.5,0.0,none,8,0.5,0.0,4,4,0.0,0.0,0.0
mpc_hybrid_ma_sw16_lw96_w0.50_pmnone_stage11_short_grid_lw96_w05,18,relaxed_low_start,48,12.2503560533333,11.501208136666635,82.93191712549095,1.0,1.0,0.9791666666666666,stage11_short_grid_lw96_w05,manual,48,6,16,96,0.5,0.0,none,8,0.5,0.0,4,4,0.0,0.0,0.0
mpc_hybrid_ma_sw16_lw96_w0.50_pmnone_stage11_short_grid_lw96_w05,18,stressed_high_start,48,5.103391455901659,4.354243539234992,26.364896603204343,1.0,1.0,1.0,stage11_short_grid_lw96_w05,manual,48,6,16,96,0.5,0.0,none,8,0.5,0.0,4,4,0.0,0.0,0.0
mpc_hybrid_ma_sw16_lw96_w0.50_pmnone_stage11_short_grid_lw96_w05,18,stressed_low_start,48,13.549943491305084,12.800795574638416,96.26044602073806,1.0,1.0,1.0,stage11_short_grid_lw96_w05,manual,48,6,16,96,0.5,0.0,none,8,0.5,0.0,4,4,0.0,0.0,0.0
mpc_hybrid_ma_sw16_lw96_w0.50_pmnone_stage11_short_grid_lw96_w05,18,stressed_mid_start,48,9.406441649646217,8.65729373297955,59.83964622472261,1.0,1.0,1.0,stage11_short_grid_lw96_w05,manual,48,6,16,96,0.5,0.0,none,8,0.5,0.0,4,4,0.0,0.0,0.0
