n_train_days,rmse,train_seed
1,1.0451276526988653,0
2,0.8548036943659476,0
3,0.8241976955940533,0
4,0.770765297088333,0
5,0.8021272463800365,0
6,0.757183409416853,0
7,0.7473114571718011,0
8,0.7403750398272007,0
9,0.7389755177844133,0
10,0.7617365187861427,0
11,0.7779795346163344,0
12,0.7736528393594341,0
13,0.7746849021119931,0
14,0.7624859157032492,0
15,0.7589277460193802,0
16,0.7603863374024805,0
17,0.7591719154134678,0
18,0.7587102613002166,0
19,0.7536011641055863,0
20,0.7620575456778949,0
21,0.760120803553437,0
22,0.7551013382563002,0
23,0.7539601536063713,0
24,0.7508467649288713,0
25,0.7510660273669355,0
26,0.7508309045277285,0
27,0.7468135032781099,0
28,0.7447037358802817,0
29,0.74509908929663,0
30,0.7455320671113291,0
31,0.7469598053247142,0
32,0.740620578590027,0
33,0.7438155946908814,0
34,0.7449454690848717,0
35,0.7447219242408993,0
36,0.7434811698587419,0
37,0.7416341585668512,0
38,0.7504292765899027,0
39,0.7504409435889741,0
40,0.7501577240254014,0
41,0.7452377465481892,0
42,0.7448615559350659,0
43,0.742585969516446,0
44,0.7427274195415762,0
45,0.7423683234008183,0
46,0.7448919714615414,0
47,0.7438093610338794,0
48,0.7444601228023874,0
49,0.7075232811247613,0
50,0.7104966317759251,0
51,0.7162352085232777,0
52,0.7127212399682213,0
53,0.7146203975189039,0
54,0.71200204867101,0
55,0.7099601428249992,0
56,0.7106168549555172,0
57,0.7086064680875404,0
58,0.7095486133755605,0
59,0.7124708335718899,0
60,0.707850388412629,0
61,0.7052544868349828,0
62,0.7079589271196203,0
63,0.7097981765737877,0
64,0.7063301271006461,0
65,0.7051321870652012,0
66,0.7054230616934316,0
67,0.7117953672666809,0
68,0.7067770942878966,0
69,0.7081497504476026,0
70,0.7002901143401912,0
71,0.7011294632047368,0
72,0.7007710255769467,0
73,0.7032052786642371,0
74,0.7051986043577583,0
75,0.7032705568128463,0
76,0.7042861888835316,0
77,0.6991736075781584,0
78,0.6978129702331856,0
79,0.6976604351275036,0
80,0.6964760323322107,0
81,0.6975327541475699,0
82,0.6969129438999422,0
83,0.6996077692874229,0
84,0.6991302634515997,0
85,0.6997947718395694,0
86,0.6998315219671284,0
87,0.6975662272733991,0
88,0.7005258807568385,0
89,0.6997304227554505,0
90,0.7003832234004154,0
91,0.7015137580092163,0
92,0.7020224420882385,0
93,0.7037972194525934,0
94,0.7043658727071679,0
95,0.7045866942884936,0
96,0.7052015799162595,0
97,0.7082208474283853,0
98,0.7069377916642711,0
99,0.7090479945374252,0
100,0.7097269331595819,0
101,0.709470984354534,0
102,0.706450051184986,0
103,0.7051780631293693,0
104,0.7050975642955534,0
105,0.7052226386807879,0
106,0.704268435935224,0
107,0.7022121997251649,0
108,0.7021277163027602,0
109,0.7080489207142078,0
110,0.7108126097256572,0
111,0.7078178345670065,0
112,0.7090511406558991,0
113,0.7066561180019273,0
114,0.7085736049669797,0
115,0.7067127403515577,0
116,0.7068943058720695,0
117,0.7014601285466991,0
118,0.7027529175343891,0
119,0.7015525366097154,0
120,0.7013062230559864,0
1,1.0606295393090304,1
2,1.0074948735965685,1
3,1.0056118001414085,1
4,0.9577087127247144,1
5,0.9601788579438818,1
6,0.9007953481433285,1
7,0.8444853790234202,1
8,0.8544904826596731,1
9,0.8234411061433946,1
10,0.8375542462738741,1
11,0.8376094250098508,1
12,0.8243624525992732,1
13,0.8416490937081047,1
14,0.832323210659391,1
15,0.8417869785003521,1
16,0.8446207063692001,1
17,0.8335439995682409,1
18,0.8281763195036796,1
19,0.814080862625695,1
20,0.8152508141449455,1
21,0.8177718346765372,1
22,0.8120881606390644,1
23,0.8181722158993734,1
24,0.8110831978222914,1
25,0.7980313366910001,1
26,0.7971045279267992,1
27,0.8063642211379919,1
28,0.808629341695836,1
29,0.7962535608929154,1
30,0.7757037704472574,1
31,0.7739035684818004,1
32,0.7728181959188811,1
33,0.7695552683868789,1
34,0.7698809090904106,1
35,0.7755996862320272,1
36,0.7728666640699601,1
37,0.7708972727233616,1
38,0.7692081191681542,1
39,0.7759216858831265,1
40,0.7747060611820266,1
41,0.7747038037276063,1
42,0.7761877237673951,1
43,0.7734468993932835,1
44,0.7743715547948686,1
45,0.7715024076473134,1
46,0.7714066178471916,1
47,0.7713767412858537,1
48,0.7714413543742793,1
49,0.7726887507091561,1
50,0.7516839231763828,1
51,0.7495184213964154,1
52,0.7485395614451215,1
53,0.748706055108014,1
54,0.7503798752276267,1
55,0.7512559989707046,1
56,0.7542628262655838,1
57,0.7566097208454108,1
58,0.7547234029488675,1
59,0.7522765914963081,1
60,0.7511375824263828,1
61,0.752617014816335,1
62,0.7468692760993626,1
63,0.746143684589637,1
64,0.7461933994460345,1
65,0.7470993117499207,1
66,0.7484755318155109,1
67,0.7610312197472278,1
68,0.7632008867093623,1
69,0.7607993236208004,1
70,0.7576791811782978,1
71,0.7088608790189967,1
72,0.7087801076852817,1
73,0.7116803803461056,1
74,0.7113620964737353,1
75,0.7134582569528959,1
76,0.7087066668978488,1
77,0.7098092468298122,1
78,0.7121430859627185,1
79,0.7129641082157979,1
80,0.7122137878235734,1
81,0.7118730665635689,1
82,0.7130705873834421,1
83,0.7144619226736618,1
84,0.7121177647119085,1
85,0.713587906917631,1
86,0.7125464891825735,1
87,0.7133527900914077,1
88,0.7138844382722255,1
89,0.7146281642795566,1
90,0.7132282505734456,1
91,0.7143823532804335,1
92,0.7162960176974988,1
93,0.7156382772741695,1
94,0.7130079563781492,1
95,0.7131169528386818,1
96,0.7153043768356906,1
97,0.7169899899501776,1
98,0.7143304197428011,1
99,0.713836191401075,1
100,0.7139604662150265,1
101,0.7180058235466769,1
102,0.7159658518026978,1
103,0.7185803741850515,1
104,0.708916149947264,1
105,0.7094116887786578,1
106,0.7090386638338574,1
107,0.710534291611438,1
108,0.7107110317898078,1
109,0.70950981158502,1
110,0.7131729843814245,1
111,0.7106675950784099,1
112,0.7105113606209248,1
113,0.7113421149457938,1
114,0.7110791851401376,1
115,0.712007567851014,1
116,0.7110637915625129,1
117,0.7119534079863358,1
118,0.7126030773722178,1
119,0.7125161683697588,1
120,0.711923699740325,1
1,1.921279153180885,2
2,0.8016605824091939,2
3,0.7917745244636272,2
4,0.7893617999772532,2
5,0.789306465399779,2
6,0.7786041071852646,2
7,0.7712933695674169,2
8,0.7728071833248409,2
9,0.7663504881093914,2
10,0.7566300934382514,2
11,0.7530661601628124,2
12,0.7538944807172209,2
13,0.7497487176990362,2
14,0.7481128701603061,2
15,0.7504742075015198,2
16,0.7447756428496208,2
17,0.7457041539210411,2
18,0.7319770210001997,2
19,0.7532891499770474,2
20,0.7465614507743151,2
21,0.7418332078732007,2
22,0.7429450453188426,2
23,0.7375318441564215,2
24,0.7350030455721517,2
25,0.731716082536479,2
26,0.7278282222520549,2
27,0.7512124928880439,2
28,0.7486746886597772,2
29,0.742643860609093,2
30,0.7281817603589038,2
31,0.7515349103544392,2
32,0.7555020164942228,2
33,0.7169558557229126,2
34,0.7159515331668689,2
35,0.7146692601207638,2
36,0.7188067982087835,2
37,0.720941289755111,2
38,0.7235149574477314,2
39,0.7207819718935676,2
40,0.7222997586787707,2
41,0.7220270700458323,2
42,0.7159869053537544,2
43,0.7227481141358907,2
44,0.7226311449889324,2
45,0.7219857586114229,2
46,0.7223729462525057,2
47,0.7025138783026633,2
48,0.702800709909722,2
49,0.7066699137711138,2
50,0.704369115865589,2
51,0.7009981664595237,2
52,0.7012921069027819,2
53,0.7005904737141757,2
54,0.7018593017125483,2
55,0.7035024231186172,2
56,0.7023285919370074,2
57,0.7043922182277385,2
58,0.7052697926951835,2
59,0.7044026315011859,2
60,0.7014835151661527,2
61,0.7001267818435503,2
62,0.7020987713961263,2
63,0.7017876653643608,2
64,0.6999341155645091,2
65,0.6957759366041507,2
66,0.6952977660115139,2
67,0.6946492751979693,2
68,0.6983230774204432,2
69,0.6835370015516108,2
70,0.6841907268326782,2
71,0.6851141875799488,2
72,0.6844233558848878,2
73,0.6857144832451357,2
74,0.6843455997515469,2
75,0.6850154013392319,2
76,0.6850351222350443,2
77,0.6856799201996543,2
78,0.6813761468705646,2
79,0.6830363720226369,2
80,0.6835400493473723,2
81,0.6829827384125434,2
82,0.6822981756191072,2
83,0.6843920006236833,2
84,0.685263807802929,2
85,0.6862852856977375,2
86,0.6870572347002232,2
87,0.6877071730569815,2
88,0.6874041339170984,2
89,0.6898554933132386,2
90,0.6895795149017506,2
91,0.6909785745343708,2
92,0.6911766657956765,2
93,0.6912749060043674,2
94,0.689678938028513,2
95,0.6890330880040427,2
96,0.6884453348303831,2
97,0.6918531701458981,2
98,0.6924860576454808,2
99,0.6925578377550883,2
100,0.6927142674407346,2
101,0.6939024216626314,2
102,0.6917104636078791,2
103,0.6805256476359278,2
104,0.6813088742384131,2
105,0.6805986336822744,2
106,0.6792485432832276,2
107,0.6769699274248016,2
108,0.6761786565003061,2
109,0.6763757703065804,2
110,0.6774421522221983,2
111,0.6766795941484431,2
112,0.6768500347534268,2
113,0.6775718458520912,2
114,0.6776517850299434,2
115,0.6773805841703457,2
116,0.6764809652083095,2
117,0.6763760423933153,2
118,0.6776440895376734,2
119,0.6773639053962918,2
120,0.6769933900283748,2
1,1.0201209770139836,3
2,2.2613075796282787,3
3,2.5694496217883893,3
4,1.8971767378321873,3
5,1.905232428768377,3
6,1.1958536323192612,3
7,1.173215263157952,3
8,0.9312475535567426,3
9,0.8547794275635733,3
10,0.8546656818794095,3
11,0.8411815213510625,3
12,0.8466814773693988,3
13,0.8433194222430861,3
14,0.8234212127252608,3
15,0.8227793089282596,3
16,0.8232160975397611,3
17,0.8123362554637166,3
18,0.8304663264376558,3
19,0.8218159739261109,3
20,0.832885125213229,3
21,0.8315925325806824,3
22,0.8115006215814698,3
23,0.8208213006499518,3
24,0.8293746398343655,3
25,0.8315900416594177,3
26,0.8356873614430209,3
27,0.8361194338096998,3
28,0.8308588441174151,3
29,0.8364771724875693,3
30,0.834274666274556,3
31,0.8296692868848361,3
32,0.8238496267347042,3
33,0.818836029980091,3
34,0.8253577476518386,3
35,0.8188052677529032,3
36,0.8187493142761028,3
37,0.8160690624205379,3
38,0.7994006911023765,3
39,0.8141884502841981,3
40,0.8171109651048653,3
41,0.8148719469404547,3
42,0.8067417926255457,3
43,0.7918630814056267,3
44,0.7850068250387008,3
45,0.7830827922070198,3
46,0.7867439769756074,3
47,0.7887940642079537,3
48,0.7909218803805068,3
49,0.7667997209931903,3
50,0.7587167016656453,3
51,0.7672385622257665,3
52,0.7666679430501936,3
53,0.7676360188080682,3
54,0.7673666405650755,3
55,0.7579994340319399,3
56,0.7617976926450111,3
57,0.7559962254037477,3
58,0.7554177443360987,3
59,0.753186746565869,3
60,0.7521949342089044,3
61,0.7520619129812399,3
62,0.7511412528975161,3
63,0.7491006670553052,3
64,0.7526135377239958,3
65,0.7540957285302752,3
66,0.7518614435299033,3
67,0.6897606370421837,3
68,0.6897751480119173,3
69,0.6884383268091354,3
70,0.689153567435412,3
71,0.6874556678638563,3
72,0.6895051736443517,3
73,0.6904821565627404,3
74,0.6912532283132081,3
75,0.6931764492891643,3
76,0.6921429674110092,3
77,0.6941305302015112,3
78,0.693992170122871,3
79,0.6945084106235041,3
80,0.6941624350479065,3
81,0.6959644494668898,3
82,0.6952233088906675,3
83,0.695949181712408,3
84,0.6948341178462353,3
85,0.6957155646611951,3
86,0.6964613914269459,3
87,0.6983922399460121,3
88,0.6985388759410945,3
89,0.697837203805161,3
90,0.7003830650860481,3
91,0.7011162377382781,3
92,0.7011773798924046,3
93,0.6987015631310227,3
94,0.6958098458397762,3
95,0.6973712073498771,3
96,0.6967140695615743,3
97,0.6965563663572291,3
98,0.6951135755046134,3
99,0.6952188721444675,3
100,0.6949228766359589,3
101,0.6942001183161713,3
102,0.696090055281127,3
103,0.6935788035836657,3
104,0.6935147470425536,3
105,0.6936531673418795,3
106,0.6947408452851775,3
107,0.6907321090265172,3
108,0.6903633370500136,3
109,0.6891282569679643,3
110,0.6906068648081686,3
111,0.6972812740707831,3
112,0.6967415029441069,3
113,0.6983983599663713,3
114,0.697113952603119,3
115,0.6956926305465345,3
116,0.6970202523084298,3
117,0.6977443525066824,3
118,0.6975049274733308,3
119,0.695606032548432,3
120,0.6966885296450614,3
1,1.1914717223804596,4
2,1.145460401036197,4
3,0.8424680742234593,4
4,0.8343969278936691,4
5,0.8342116642991932,4
6,0.80978950428735,4
7,0.7987241607767016,4
8,0.7679418185296466,4
9,0.7828820484498826,4
10,0.782062889744133,4
11,0.8257985765257593,4
12,0.8083923154362629,4
13,0.8031253888549605,4
14,0.8130568550113967,4
15,0.8209681226288423,4
16,0.8056538604965211,4
17,0.8052839095814925,4
18,0.835018272929583,4
19,0.8191328280330084,4
20,0.8168008023696317,4
21,0.8225120481002701,4
22,0.8310840449108217,4
23,0.8180062021624797,4
24,0.8153819895579196,4
25,0.7914946848748291,4
26,0.7921343912432076,4
27,0.7951579587826559,4
28,0.795545863208699,4
29,0.7997889370899696,4
30,0.7957039715795766,4
31,0.7814808083691103,4
32,0.7723977673843412,4
33,0.784268513831932,4
34,0.7816299869578217,4
35,0.8032702628879579,4
36,0.8070299875472197,4
37,0.8037842682793565,4
38,0.8031343004508864,4
39,0.7987193708469648,4
40,0.8037429399373405,4
41,0.8094728231485028,4
42,0.8167050008334459,4
43,0.8162592862635744,4
44,0.8168206813269318,4
45,0.8101455301599795,4
46,0.8083097096955763,4
47,0.8076068639187012,4
48,0.8073879069779675,4
49,0.7885435996485626,4
50,0.7883294598279161,4
51,0.7858448871479419,4
52,0.7920883685691189,4
53,0.791497826423932,4
54,0.7879780646046036,4
55,0.7871259769366141,4
56,0.7910436557798587,4
57,0.7697149284792065,4
58,0.7739522621113731,4
59,0.7703198195669555,4
60,0.7613061577292263,4
61,0.7647900365489771,4
62,0.7637903711293599,4
63,0.767558577878986,4
64,0.7698547750573238,4
65,0.764449444515492,4
66,0.7553759832108339,4
67,0.7518853736115557,4
68,0.752102438467003,4
69,0.7534779346264573,4
70,0.7529572624192722,4
71,0.7555448584905283,4
72,0.7583206978983914,4
73,0.7558584264246451,4
74,0.7560012033810785,4
75,0.7554357784199165,4
76,0.7531324667705476,4
77,0.7542829335218934,4
78,0.756754430106191,4
79,0.7548151422029534,4
80,0.756790038041449,4
81,0.7523228320342068,4
82,0.7532912203790222,4
83,0.7521702441247133,4
84,0.7581018116088942,4
85,0.75103435746923,4
86,0.7485851678029373,4
87,0.748015199568192,4
88,0.7527978840241455,4
89,0.7502794117248014,4
90,0.7492577731489495,4
91,0.7495659858095518,4
92,0.7511651941284749,4
93,0.750132649070908,4
94,0.7509296500970566,4
95,0.7461072994167309,4
96,0.748074991075376,4
97,0.748160114025162,4
98,0.7439528784462293,4
99,0.7447967507907579,4
100,0.7457098132439791,4
101,0.7463610230896164,4
102,0.7445130405836048,4
103,0.7445080261202023,4
104,0.7444917607825311,4
105,0.7428018264207029,4
106,0.7418900531922692,4
107,0.7452310892082611,4
108,0.7451118932432108,4
109,0.744505821420944,4
110,0.7457129231488546,4
111,0.7433778918448141,4
112,0.7440728288132042,4
113,0.7421280333459147,4
114,0.7416290279370863,4
115,0.7413567780297725,4
116,0.74123354043537,4
117,0.742684555631697,4
118,0.7417277639313119,4
119,0.7412786001308902,4
120,0.7423251472168559,4
1,1.3215635721737227,5
2,1.0970274319350741,5
3,0.9206569390418444,5
4,0.9259569929758412,5
5,0.9195276745339869,5
6,0.8966628002326829,5
7,0.7795516790194013,5
8,0.7787813929147188,5
9,0.7789560094699346,5
10,0.7789966259302854,5
11,0.7638893467572314,5
12,0.7635035920761436,5
13,0.7621465483121277,5
14,0.7597693558654987,5
15,0.7583612702526694,5
16,0.7586820158942826,5
17,0.7636729842622255,5
18,0.7594995643583005,5
19,0.7571898793507216,5
20,0.7558529771181588,5
21,0.7552775942307199,5
22,0.7575516643359979,5
23,0.7531063552895423,5
24,0.7562599597281771,5
25,0.7559203014045129,5
26,0.7600658579696117,5
27,0.7536461985594103,5
28,0.7550643775050777,5
29,0.7557376884859638,5
30,0.7562543557305126,5
31,0.7518676652219668,5
32,0.7528511629046748,5
33,0.7632113869388885,5
34,0.7639346136432181,5
35,0.7562078607889381,5
36,0.7568320283498001,5
37,0.7586606569866274,5
38,0.7504646668019466,5
39,0.7528849239607444,5
40,0.7436434401389622,5
41,0.7447157452360961,5
42,0.7438550646282482,5
43,0.748084929013913,5
44,0.7468596205960882,5
45,0.7476859100949875,5
46,0.7483698255853497,5
47,0.748383570351367,5
48,0.7463794108641023,5
49,0.7456807675314837,5
50,0.7456507091834947,5
51,0.7462796140630149,5
52,0.7487484465788443,5
53,0.7494061457005656,5
54,0.7496573486255049,5
55,0.749050491078455,5
56,0.7491187159693758,5
57,0.7504485936381914,5
58,0.7503619756514364,5
59,0.7354735235373842,5
60,0.737001761984181,5
61,0.7383777337643082,5
62,0.7400304699573466,5
63,0.7389399364895736,5
64,0.7359743870636803,5
65,0.7403203858175992,5
66,0.7396851500801559,5
67,0.7335366646186847,5
68,0.7347003261866134,5
69,0.7341524068761679,5
70,0.7007727764515784,5
71,0.7031854728277815,5
72,0.7037791020162156,5
73,0.6999346691937837,5
74,0.7007460831397986,5
75,0.6999496635501398,5
76,0.6993492419560456,5
77,0.7002390009118495,5
78,0.7002808971547448,5
79,0.7011720384195882,5
80,0.7026967350202347,5
81,0.7032515529411423,5
82,0.7012536846276238,5
83,0.7026887059378885,5
84,0.7040174056731632,5
85,0.7037438640019325,5
86,0.7038666445800077,5
87,0.7029163438949253,5
88,0.7044956617089473,5
89,0.7048519436247324,5
90,0.7043241765172419,5
91,0.7032422968433378,5
92,0.704452608430984,5
93,0.7041881971481181,5
94,0.7061399462682753,5
95,0.7057068304605981,5
96,0.7054344300014581,5
97,0.704356026994494,5
98,0.7047082185537102,5
99,0.7039128160779617,5
100,0.7038624212709409,5
101,0.704034174968647,5
102,0.7036585577016772,5
103,0.7050514908356098,5
104,0.7051869056131551,5
105,0.7111404324712916,5
106,0.7106292341144662,5
107,0.7093698259025293,5
108,0.7101525482823923,5
109,0.7099768139688296,5
110,0.7100818385668656,5
111,0.7100307445967882,5
112,0.7106107405380676,5
113,0.7103581871595659,5
114,0.709824543918768,5
115,0.7116289173073556,5
116,0.7105980381199462,5
117,0.7104405385293185,5
118,0.7115988639707062,5
119,0.7123583175101438,5
120,0.7097024640986439,5
1,1.1044570802729061,6
2,0.8697899434972133,6
3,0.8366677941267595,6
4,0.8211599106229645,6
5,0.813980528345833,6
6,0.8017427012531676,6
7,0.8059524408077795,6
8,0.7952381419998432,6
9,0.7739928323063792,6
10,0.7905145328033877,6
11,0.7763881045061488,6
12,0.7710997634192118,6
13,0.7736120555034953,6
14,0.7720253873364185,6
15,0.7721733123668466,6
16,0.7671900892822006,6
17,0.771445079939706,6
18,0.7719173716484719,6
19,0.7810277951611049,6
20,0.7821925921753158,6
21,0.7816450429795646,6
22,0.7808234197019569,6
23,0.7832852544949259,6
24,0.7869409360028237,6
25,0.7877751408495223,6
26,0.7897068002959727,6
27,0.7616944146812366,6
28,0.760140808685653,6
29,0.7627919348936003,6
30,0.7682136695198512,6
31,0.763895166978876,6
32,0.7641504041028903,6
33,0.7674297400325508,6
34,0.7636963072547925,6
35,0.7649082592083079,6
36,0.7661938507306292,6
37,0.7690858737461508,6
38,0.7586150642588788,6
39,0.7581248719109307,6
40,0.7488484460138387,6
41,0.7534203197230389,6
42,0.748526902873728,6
43,0.7498451504351861,6
44,0.7502499266271099,6
45,0.7490430736072554,6
46,0.7471114367845473,6
47,0.7455373760485156,6
48,0.7494769668415845,6
49,0.7480841832745901,6
50,0.7477806690344718,6
51,0.7491940431010092,6
52,0.7414564692950372,6
53,0.7201315286251927,6
54,0.7168649495978242,6
55,0.7145954803507781,6
56,0.7163801881065498,6
57,0.7220367481845329,6
58,0.7233852423495557,6
59,0.7221396587915443,6
60,0.7223888838537328,6
61,0.7191391179179117,6
62,0.7151583325420892,6
63,0.7178613685752657,6
64,0.7154813785257418,6
65,0.7190147770879184,6
66,0.7168727414842196,6
67,0.7152566613616993,6
68,0.7155533670004336,6
69,0.7153447156065544,6
70,0.7129989568784437,6
71,0.7137190277608539,6
72,0.7124655566645149,6
73,0.7132156262279883,6
74,0.7129401863350691,6
75,0.7180857777020976,6
76,0.7187126015144519,6
77,0.7155502815367125,6
78,0.7124631338195968,6
79,0.7153049794574015,6
80,0.7136969309888783,6
81,0.7163233606511799,6
82,0.7134279795924275,6
83,0.718253583697613,6
84,0.7172480357581426,6
85,0.7185195908310105,6
86,0.7166679615419974,6
87,0.7182117028222949,6
88,0.717446973404742,6
89,0.7163860202592861,6
90,0.7180953995651321,6
91,0.7174611571025961,6
92,0.717879834662083,6
93,0.7182307890917952,6
94,0.7196034676460535,6
95,0.717530698328047,6
96,0.719101620362358,6
97,0.7177964767566976,6
98,0.7172873527398879,6
99,0.7209464600847444,6
100,0.719607344868168,6
101,0.7203430577800903,6
102,0.7186820740797051,6
103,0.718360609068162,6
104,0.7200434821827216,6
105,0.7197542771825407,6
106,0.7201289467164357,6
107,0.7195300012342595,6
108,0.7195020476604328,6
109,0.7201437372078167,6
110,0.7173742996863417,6
111,0.7186379085583102,6
112,0.7186230399398793,6
113,0.7183734768064978,6
114,0.7185518279224774,6
115,0.7181028770320862,6
116,0.7208719928268665,6
117,0.7194064206536487,6
118,0.7194826603113487,6
119,0.7197458861859581,6
120,0.7177907223103418,6
1,1.1889283196994669,7
2,0.8501653494312561,7
3,0.85621908511891,7
4,0.8371929151776397,7
5,0.7899076658751314,7
6,0.7706557820989954,7
7,0.8259942922832967,7
8,0.8150624220318103,7
9,0.8109489743493543,7
10,0.7757003446027345,7
11,0.7780885744064513,7
12,0.7719396178726734,7
13,0.7802023826496399,7
14,0.7658005246774765,7
15,0.7667227075179717,7
16,0.7642358420665001,7
17,0.7619462635298685,7
18,0.7567395736380719,7
19,0.7604052130550147,7
20,0.7592742419373503,7
21,0.745028432030976,7
22,0.779539647919228,7
23,0.7653377754559142,7
24,0.7634432280605514,7
25,0.7236801947761474,7
26,0.7217129445350903,7
27,0.7273938954948621,7
28,0.7241126308577568,7
29,0.7231539839510589,7
30,0.7212833860561234,7
31,0.7227120660395456,7
32,0.7174060737713522,7
33,0.7158126709190786,7
34,0.7139168156539479,7
35,0.7058942922346738,7
36,0.7071865226875794,7
37,0.7059467727438277,7
38,0.7026392655216096,7
39,0.701173296459402,7
40,0.7021427669535206,7
41,0.6999787121404002,7
42,0.6967190138724682,7
43,0.6962953289771477,7
44,0.6953420857335407,7
45,0.6973396174982321,7
46,0.697062398061454,7
47,0.6955107611490355,7
48,0.6975265479495709,7
49,0.6994017530188421,7
50,0.7023145953572297,7
51,0.7015967456186318,7
52,0.7018745676217604,7
53,0.7030087706334059,7
54,0.7120791921107015,7
55,0.7103090880135562,7
56,0.7088920807621437,7
57,0.7057020178338291,7
58,0.7043254870975604,7
59,0.7087693970589218,7
60,0.7081996418877898,7
61,0.7060123672423061,7
62,0.7038586166225376,7
63,0.7054959530963408,7
64,0.7056986802305247,7
65,0.7032206876067923,7
66,0.7056069451246614,7
67,0.7055856334576224,7
68,0.7031397809172976,7
69,0.7050052895128956,7
70,0.7036582759189083,7
71,0.7031366562670575,7
72,0.7023001729288615,7
73,0.7008442517275992,7
74,0.7029298462555963,7
75,0.70278757802335,7
76,0.702413796840084,7
77,0.7013238591913752,7
78,0.7029887944344654,7
79,0.7038701893412016,7
80,0.702531003897844,7
81,0.703241648916947,7
82,0.7061478831800478,7
83,0.704363746369878,7
84,0.7032378461665161,7
85,0.7034398294799108,7
86,0.7020286070545514,7
87,0.7029191792065118,7
88,0.7023084008840685,7
89,0.7042813202204598,7
90,0.7048515305605105,7
91,0.7007447205458136,7
92,0.7014691079261355,7
93,0.7043865553175034,7
94,0.6996395953644545,7
95,0.6987299372505583,7
96,0.6980133350759213,7
97,0.7019354570607474,7
98,0.7022889891750792,7
99,0.7016728678192297,7
100,0.7025268597205849,7
101,0.6993528490025047,7
102,0.699039009074765,7
103,0.6995017844045247,7
104,0.6995306610512043,7
105,0.6992767071650543,7
106,0.7002097719152036,7
107,0.698765966256135,7
108,0.6985792060914525,7
109,0.7002056454601537,7
110,0.6982658343455668,7
111,0.6971280236185498,7
112,0.6961557171186737,7
113,0.6979342667581911,7
114,0.6972685375897653,7
115,0.6976790494094808,7
116,0.6981037840002738,7
117,0.6980242624556797,7
118,0.6991117579020284,7
119,0.6978197225846647,7
120,0.697569839118772,7
1,1.2398288223601337,8
2,1.121320157246019,8
3,1.0318356744663657,8
4,0.971018195835882,8
5,0.953171304517479,8
6,0.9663008067561161,8
7,0.9305475293819305,8
8,0.9509744101344836,8
9,0.8333933458425278,8
10,0.7956136366894705,8
11,0.7884723171398511,8
12,0.7883423966430188,8
13,0.797765279733294,8
14,0.7913369499213679,8
15,0.7643067359899879,8
16,0.7594070162280505,8
17,0.756075549652604,8
18,0.7580328721899552,8
19,0.7441771520564862,8
20,0.7459277606199941,8
21,0.7439150890164881,8
22,0.742313547418811,8
23,0.7418935300916848,8
24,0.742850759277307,8
25,0.7435197689830074,8
26,0.7452768376991875,8
27,0.7453536021381144,8
28,0.7464112905908747,8
29,0.7427710414134129,8
30,0.7463256232736675,8
31,0.7329769565696579,8
32,0.7296225113077434,8
33,0.730228917889077,8
34,0.7287338815549962,8
35,0.7311254309303064,8
36,0.7303504679378086,8
37,0.7300944994001686,8
38,0.7324410895205223,8
39,0.7324860364261192,8
40,0.7319505241304727,8
41,0.733694114093662,8
42,0.733124745426036,8
43,0.7344780632310483,8
44,0.7322733927341283,8
45,0.7277099719842295,8
46,0.7310337873001422,8
47,0.7312998599432619,8
48,0.7306793774155439,8
49,0.730112066462663,8
50,0.7289449405707749,8
51,0.733668264164256,8
52,0.7353656225069216,8
53,0.7349569569331723,8
54,0.7333807482855019,8
55,0.7344743256826394,8
56,0.7337847309935921,8
57,0.7338420818194409,8
58,0.7348711156642742,8
59,0.7371082784603782,8
60,0.7367181262804182,8
61,0.7353884320995316,8
62,0.7363792313670126,8
63,0.736639448392326,8
64,0.7358987889505944,8
65,0.7344846085289696,8
66,0.7354493508664117,8
67,0.7353544314416863,8
68,0.7349014076175429,8
69,0.7308927620232509,8
70,0.7321088200168394,8
71,0.7334197065836261,8
72,0.7329610993683113,8
73,0.7287677854207931,8
74,0.7283568829959932,8
75,0.7264258820801089,8
76,0.7390624451835895,8
77,0.7389489394341349,8
78,0.7381310142129774,8
79,0.7390320987075543,8
80,0.7433687802686411,8
81,0.7394027064799933,8
82,0.7377832156406312,8
83,0.7384815662048232,8
84,0.7388276968530417,8
85,0.7408387963273568,8
86,0.7421853354811283,8
87,0.7416460500010118,8
88,0.741595233875486,8
89,0.7393186303109663,8
90,0.7422581517201541,8
91,0.7435577324708396,8
92,0.7431760559986803,8
93,0.7411387765479932,8
94,0.7422221262897979,8
95,0.7408665752778911,8
96,0.7412902970742504,8
97,0.7413294091095329,8
98,0.7403517167755801,8
99,0.7376220676949204,8
100,0.7400751829054698,8
101,0.7354989941313712,8
102,0.7336133741946956,8
103,0.7315283616364893,8
104,0.7312779172151216,8
105,0.7325057345650106,8
106,0.732823171669881,8
107,0.729425526921726,8
108,0.7302188623727973,8
109,0.7296327717248606,8
110,0.730304436458378,8
111,0.7316932100142237,8
112,0.7302947956683321,8
113,0.7322522445093477,8
114,0.7304509560399063,8
115,0.7285124053100833,8
116,0.7299172157454885,8
117,0.7328542462409808,8
118,0.7308599498339903,8
119,0.7333628860950104,8
120,0.7320482268005523,8
1,1.0033174709099388,9
2,0.8802216072967598,9
3,0.8806664829543713,9
4,0.8779820270880675,9
5,0.8910412831131974,9
6,0.8320911977330443,9
7,0.8281989344088531,9
8,0.7804169752057334,9
9,0.7491383594045314,9
10,0.7422547840047514,9
11,0.741011111676128,9
12,0.7388669452341121,9
13,0.7430677488292786,9
14,0.7353279969146854,9
15,0.738832534231719,9
16,0.7305124479339317,9
17,0.7281030802639908,9
18,0.7310958233174244,9
19,0.7305370069390091,9
20,0.7314892051130035,9
21,0.7300514118766732,9
22,0.7338307493220586,9
23,0.7331218257417846,9
24,0.7326251343204151,9
25,0.7347970790096701,9
26,0.7352554768631065,9
27,0.7339450703104263,9
28,0.7374052461282855,9
29,0.7364423559503167,9
30,0.739773092684877,9
31,0.7398268754413894,9
32,0.7375815196473903,9
33,0.7385813358284183,9
34,0.7402365695504277,9
35,0.738124439771059,9
36,0.738613627562791,9
37,0.7396458728529702,9
38,0.7371617115989247,9
39,0.739276118985937,9
40,0.7340123922494572,9
41,0.7356623529825635,9
42,0.7377016734789302,9
43,0.7391924417142094,9
44,0.7376660390141522,9
45,0.7351718467112236,9
46,0.7381776403780629,9
47,0.7311833193459729,9
48,0.7318501195328542,9
49,0.728611227892811,9
50,0.7328458664871371,9
51,0.7327158143848658,9
52,0.7317335458789318,9
53,0.7319625453772134,9
54,0.7335791217505738,9
55,0.7360232450264891,9
56,0.7365313506643907,9
57,0.7395477321930387,9
58,0.7381895857749463,9
59,0.7333307135474192,9
60,0.7350951554734186,9
61,0.7135737638287784,9
62,0.7141667145382545,9
63,0.7126983686720354,9
64,0.7203807205291365,9
65,0.7206434597487336,9
66,0.7201103158761917,9
67,0.722254430532273,9
68,0.7230689713615873,9
69,0.7235633615686603,9
70,0.7198578235696305,9
71,0.7203076355167939,9
72,0.7205463481047729,9
73,0.7179653990654967,9
74,0.7174415226510485,9
75,0.7159056559430247,9
76,0.715781890174416,9
77,0.7165467263806587,9
78,0.7160963924839473,9
79,0.7159346873499198,9
80,0.7155867046567299,9
81,0.7137343408310795,9
82,0.7120270095065345,9
83,0.7127026825483213,9
84,0.712853878055608,9
85,0.7129983892841962,9
86,0.7151201915404977,9
87,0.7154328827670219,9
88,0.7148217383107057,9
89,0.7140864344453962,9
90,0.7153654039768417,9
91,0.7145796869331442,9
92,0.7146181535347126,9
93,0.7128296658204,9
94,0.7123481111210601,9
95,0.7128205779360667,9
96,0.7123711550848996,9
97,0.7124593433017979,9
98,0.7124623655454824,9
99,0.7139500363818626,9
100,0.7124049386300294,9
101,0.7130871658815611,9
102,0.7117978839255381,9
103,0.7114160159609733,9
104,0.7118829574985958,9
105,0.7172777907679022,9
106,0.7172549354569543,9
107,0.7186201531497558,9
108,0.715359797122755,9
109,0.7150265007131381,9
110,0.7138305944878692,9
111,0.7142870341510841,9
112,0.7152744397654243,9
113,0.7151471763209875,9
114,0.7140507088338173,9
115,0.7137774081352243,9
116,0.7142242080957074,9
117,0.7145863390811171,9
118,0.7136588173862267,9
119,0.7145477477842292,9
120,0.7121848905082032,9
1,1.0139551592295848,10
2,0.8087866821673523,10
3,0.8371917022604697,10
4,0.7822391821277163,10
5,0.776280054017756,10
6,0.7803448233632887,10
7,0.8103711023437244,10
8,0.8118857046185657,10
9,0.8278975961006069,10
10,0.8167480460342375,10
11,0.8086245625367654,10
12,0.8179394560655604,10
13,0.8138347345794529,10
14,0.8164248148731877,10
15,0.7802473252347949,10
16,0.7798147037152987,10
17,0.777758484209889,10
18,0.7740436803869778,10
19,0.7722728328781238,10
20,0.7701738776112479,10
21,0.7730135029155413,10
22,0.7773937850054411,10
23,0.7797127436172036,10
24,0.7773541774042497,10
25,0.7717367354784356,10
26,0.7696274447781688,10
27,0.7656417132513419,10
28,0.7668109448620941,10
29,0.7663063674397527,10
30,0.7672746740889175,10
31,0.767260560885456,10
32,0.7691758359147388,10
33,0.7692006571004006,10
34,0.7671709382689353,10
35,0.7676151386714526,10
36,0.7670381814720596,10
37,0.7652783750802575,10
38,0.766808057829027,10
39,0.7676109400392728,10
40,0.7666561145506637,10
41,0.765153596416426,10
42,0.766382793915655,10
43,0.7681019056950447,10
44,0.7652831981531198,10
45,0.7652417096197521,10
46,0.7612038961252955,10
47,0.763292452227269,10
48,0.7628347173374064,10
49,0.7638483669400289,10
50,0.747917521514975,10
51,0.7504928398095329,10
52,0.752920197320161,10
53,0.7518957405366721,10
54,0.7489391876894648,10
55,0.7483325086089032,10
56,0.7520759076026593,10
57,0.74839738756528,10
58,0.7493404892290031,10
59,0.7499648518145425,10
60,0.7466546472330625,10
61,0.744124140600389,10
62,0.7424850349701659,10
63,0.7437802068028105,10
64,0.7453688404941068,10
65,0.7448916770554859,10
66,0.7438236665125942,10
67,0.7421469202005591,10
68,0.741181676126043,10
69,0.7421778121955952,10
70,0.7437480734662241,10
71,0.7405384158970882,10
72,0.7412087843680931,10
73,0.74203481081557,10
74,0.7419963878512413,10
75,0.7444566705009538,10
76,0.742895198612195,10
77,0.7435874900048184,10
78,0.7426442875055512,10
79,0.7424785087836878,10
80,0.7377651338943905,10
81,0.73657736712294,10
82,0.7356604267827204,10
83,0.7373058722963032,10
84,0.7387959101855487,10
85,0.7380813002601965,10
86,0.7368803226383571,10
87,0.7344624963050987,10
88,0.7390118479248472,10
89,0.7399758162310823,10
90,0.7393657999030984,10
91,0.7366344973028571,10
92,0.737631104018787,10
93,0.7370202293369776,10
94,0.7393889163266648,10
95,0.7385973564804322,10
96,0.7385854441636274,10
97,0.7378161405734438,10
98,0.7362050848148172,10
99,0.7366046905172485,10
100,0.7397143127613361,10
101,0.7466098475016613,10
102,0.7417488196648817,10
103,0.7397597311968032,10
104,0.7402592391792809,10
105,0.7417407103931489,10
106,0.7398377448323322,10
107,0.7438991404141075,10
108,0.7443954057305346,10
109,0.7410062708704429,10
110,0.7412590977439173,10
111,0.7355074430750533,10
112,0.7337543377714538,10
113,0.7310423434680334,10
114,0.7298966732365441,10
115,0.7283588952354597,10
116,0.7300757927665905,10
117,0.7302074376039686,10
118,0.7315623543524121,10
119,0.7321381342816775,10
120,0.7333627869113247,10
1,1.1447587415504132,11
2,0.821203008488817,11
3,0.8943585342041829,11
4,0.826330052396051,11
5,0.8327291644577635,11
6,0.7958320221934774,11
7,0.7978165966002474,11
8,0.8267986145846904,11
9,0.816913035575551,11
10,0.8021721049233744,11
11,0.801568719911399,11
12,0.8016617389634404,11
13,0.8003648849392566,11
14,0.7967757864236571,11
15,0.7968846224580602,11
16,0.8014585639046006,11
17,0.7907482152255348,11
18,0.7875792603338264,11
19,0.7956111262272543,11
20,0.7917829654116818,11
21,0.7853347908506211,11
22,0.7826655173687527,11
23,0.7894777536700095,11
24,0.7928338818178423,11
25,0.7897962621325223,11
26,0.789780983203033,11
27,0.7760774695129908,11
28,0.7731707360769852,11
29,0.7740723129583069,11
30,0.7739475978059399,11
31,0.7733996826346121,11
32,0.7683827086760353,11
33,0.7761895876436813,11
34,0.7734145648060125,11
35,0.7795029843582121,11
36,0.7564964209864472,11
37,0.7633079664551847,11
38,0.7641493057627079,11
39,0.7615202184921182,11
40,0.7614029238107204,11
41,0.7688920729157088,11
42,0.7629571295487828,11
43,0.7608249053525924,11
44,0.7595479187136523,11
45,0.7623414227086822,11
46,0.75777166053207,11
47,0.7564538232842132,11
48,0.7520837231449742,11
49,0.75088877590312,11
50,0.7528902184058832,11
51,0.753781239122429,11
52,0.7531542466092398,11
53,0.7568816217085005,11
54,0.7495825728399204,11
55,0.7482676198461176,11
56,0.7516376395056585,11
57,0.7468319532960189,11
58,0.7528590010705009,11
59,0.7510479772447178,11
60,0.7534837317084547,11
61,0.7438502926381343,11
62,0.7457772021296144,11
63,0.74573953821392,11
64,0.7440639731167991,11
65,0.7387712946613112,11
66,0.7374314970329701,11
67,0.7375182617765423,11
68,0.7379165763923167,11
69,0.7395598239258685,11
70,0.7395554721692503,11
71,0.7357278348790693,11
72,0.7351674935848483,11
73,0.7344627795214289,11
74,0.7366884575954548,11
75,0.736681963597802,11
76,0.7361776475458461,11
77,0.7316999835304331,11
78,0.7339138462498922,11
79,0.7342907540780751,11
80,0.7340473627975643,11
81,0.734279648374282,11
82,0.7339864217008638,11
83,0.7355794076448616,11
84,0.7335979426750432,11
85,0.7337176826560952,11
86,0.7371803190203441,11
87,0.7361185891253205,11
88,0.7368236248262212,11
89,0.7368210120363949,11
90,0.736118773653308,11
91,0.7337409267704035,11
92,0.7330459781890037,11
93,0.7366735388862361,11
94,0.7368621954597139,11
95,0.7374413771261459,11
96,0.7352042081954384,11
97,0.736100085614916,11
98,0.7342626430458961,11
99,0.7352387061094454,11
100,0.7359465126025698,11
101,0.7346377773874545,11
102,0.735513855445681,11
103,0.7361052519148584,11
104,0.738114541509213,11
105,0.7367917555847978,11
106,0.7382606901779977,11
107,0.7386167347977933,11
108,0.7390950281825758,11
109,0.7393886693287962,11
110,0.7377573971489823,11
111,0.7384002726854771,11
112,0.7379821174473276,11
113,0.7379364259157338,11
114,0.7355910120901564,11
115,0.736644481075233,11
116,0.7377363969721612,11
117,0.7380986556308555,11
118,0.7376200535442047,11
119,0.7330227319790256,11
120,0.73469742997249,11
