target,rule,feature,mean_gain,std_gain,min_gain,max_gain,mean_total_gain,std_total_gain,min_total_gain,max_total_gain,mean_split_count,nonzero_fold_count
base_load,mean_total_gain <= 2% of max_mean_total_gain (201.447850) and nonzero_fold_count <= 2,n_evs_at_home,0.5390527009963989,1.1865892165648333,0.0,2.661527156829834,1.0713581323623658,2.3768153130009155,0.0,5.323054313659668,0.6,2
base_load,mean_total_gain <= 2% of max_mean_total_gain (201.447850) and nonzero_fold_count <= 2,base_load_lag_12_is_pad,0.0,0.0,0.0,0.0,0.0,0.0,0.0,0.0,0.0,0
base_load,mean_total_gain <= 2% of max_mean_total_gain (201.447850) and nonzero_fold_count <= 2,base_load_lag_1_is_pad,0.0,0.0,0.0,0.0,0.0,0.0,0.0,0.0,0.0,0
base_load,mean_total_gain <= 2% of max_mean_total_gain (201.447850) and nonzero_fold_count <= 2,base_load_lag_8_is_pad,0.0,0.0,0.0,0.0,0.0,0.0,0.0,0.0,0.0,0
base_load,mean_total_gain <= 2% of max_mean_total_gain (201.447850) and nonzero_fold_count <= 2,base_load_lag_2_is_pad,0.0,0.0,0.0,0.0,0.0,0.0,0.0,0.0,0.0,0
base_load,mean_total_gain <= 2% of max_mean_total_gain (201.447850) and nonzero_fold_count <= 2,base_load_lag_4_is_pad,0.0,0.0,0.0,0.0,0.0,0.0,0.0,0.0,0.0,0
pv_gen,mean_total_gain <= 2% of max_mean_total_gain (713.660156) and nonzero_fold_count <= 2,pv_lag_12_is_pad,0.0,0.0,0.0,0.0,0.0,0.0,0.0,0.0,0.0,0
pv_gen,mean_total_gain <= 2% of max_mean_total_gain (713.660156) and nonzero_fold_count <= 2,pv_lag_1_is_pad,0.0,0.0,0.0,0.0,0.0,0.0,0.0,0.0,0.0,0
pv_gen,mean_total_gain <= 2% of max_mean_total_gain (713.660156) and nonzero_fold_count <= 2,pv_lag_2_is_pad,0.0,0.0,0.0,0.0,0.0,0.0,0.0,0.0,0.0,0
pv_gen,mean_total_gain <= 2% of max_mean_total_gain (713.660156) and nonzero_fold_count <= 2,pv_lag_8_is_pad,0.0,0.0,0.0,0.0,0.0,0.0,0.0,0.0,0.0,0
pv_gen,mean_total_gain <= 2% of max_mean_total_gain (713.660156) and nonzero_fold_count <= 2,pv_lag_4_is_pad,0.0,0.0,0.0,0.0,0.0,0.0,0.0,0.0,0.0,0
pv_gen,mean_total_gain <= 2% of max_mean_total_gain (713.660156) and nonzero_fold_count <= 2,steps_to_daylight_end,0.0,0.0,0.0,0.0,0.0,0.0,0.0,0.0,0.0,0
pv_gen,mean_total_gain <= 2% of max_mean_total_gain (713.660156) and nonzero_fold_count <= 2,steps_to_daylight_start,0.0,0.0,0.0,0.0,0.0,0.0,0.0,0.0,0.0,0
ev1_status,mean_total_gain <= 2% of max_mean_total_gain (6214.612250) and nonzero_fold_count <= 2,end1_latest,0.0,0.0,0.0,0.0,0.0,0.0,0.0,0.0,0.0,0
ev1_status,mean_total_gain <= 2% of max_mean_total_gain (6214.612250) and nonzero_fold_count <= 2,end1_observed,0.0,0.0,0.0,0.0,0.0,0.0,0.0,0.0,0.0,0
ev1_status,mean_total_gain <= 2% of max_mean_total_gain (6214.612250) and nonzero_fold_count <= 2,end2,0.0,0.0,0.0,0.0,0.0,0.0,0.0,0.0,0.0,0
ev1_status,mean_total_gain <= 2% of max_mean_total_gain (6214.612250) and nonzero_fold_count <= 2,observed_window_length_2,0.0,0.0,0.0,0.0,0.0,0.0,0.0,0.0,0.0,0
ev1_status,mean_total_gain <= 2% of max_mean_total_gain (6214.612250) and nonzero_fold_count <= 2,max_commute_steps_2,0.0,0.0,0.0,0.0,0.0,0.0,0.0,0.0,0.0,0
ev1_status,mean_total_gain <= 2% of max_mean_total_gain (6214.612250) and nonzero_fold_count <= 2,end2_latest,0.0,0.0,0.0,0.0,0.0,0.0,0.0,0.0,0.0,0
ev1_status,mean_total_gain <= 2% of max_mean_total_gain (6214.612250) and nonzero_fold_count <= 2,status_lag_1_is_pad,0.0,0.0,0.0,0.0,0.0,0.0,0.0,0.0,0.0,0
ev1_status,mean_total_gain <= 2% of max_mean_total_gain (6214.612250) and nonzero_fold_count <= 2,start2_observed,0.0,0.0,0.0,0.0,0.0,0.0,0.0,0.0,0.0,0
ev1_status,mean_total_gain <= 2% of max_mean_total_gain (6214.612250) and nonzero_fold_count <= 2,start1_observed,0.0,0.0,0.0,0.0,0.0,0.0,0.0,0.0,0.0,0
ev1_status,mean_total_gain <= 2% of max_mean_total_gain (6214.612250) and nonzero_fold_count <= 2,start2_earliest,0.0,0.0,0.0,0.0,0.0,0.0,0.0,0.0,0.0,0
ev1_status,mean_total_gain <= 2% of max_mean_total_gain (6214.612250) and nonzero_fold_count <= 2,start1_earliest,0.0,0.0,0.0,0.0,0.0,0.0,0.0,0.0,0.0,0
ev1_status,mean_total_gain <= 2% of max_mean_total_gain (6214.612250) and nonzero_fold_count <= 2,max_commute_steps_1,0.0,0.0,0.0,0.0,0.0,0.0,0.0,0.0,0.0,0
ev1_status,mean_total_gain <= 2% of max_mean_total_gain (6214.612250) and nonzero_fold_count <= 2,end2_observed,0.0,0.0,0.0,0.0,0.0,0.0,0.0,0.0,0.0,0
ev1_status,mean_total_gain <= 2% of max_mean_total_gain (6214.612250) and nonzero_fold_count <= 2,status_lag_2_is_pad,0.0,0.0,0.0,0.0,0.0,0.0,0.0,0.0,0.0,0
ev1_status,mean_total_gain <= 2% of max_mean_total_gain (6214.612250) and nonzero_fold_count <= 2,steps_to_end1_latest,0.0,0.0,0.0,0.0,0.0,0.0,0.0,0.0,0.0,0
ev1_status,mean_total_gain <= 2% of max_mean_total_gain (6214.612250) and nonzero_fold_count <= 2,status_lag_8_is_pad,0.0,0.0,0.0,0.0,0.0,0.0,0.0,0.0,0.0,0
ev1_status,mean_total_gain <= 2% of max_mean_total_gain (6214.612250) and nonzero_fold_count <= 2,status_lag_8,0.0,0.0,0.0,0.0,0.0,0.0,0.0,0.0,0.0,0
ev1_status,mean_total_gain <= 2% of max_mean_total_gain (6214.612250) and nonzero_fold_count <= 2,status_lag_4_is_pad,0.0,0.0,0.0,0.0,0.0,0.0,0.0,0.0,0.0,0
ev1_status,mean_total_gain <= 2% of max_mean_total_gain (6214.612250) and nonzero_fold_count <= 2,steps_to_start2_earliest,0.0,0.0,0.0,0.0,0.0,0.0,0.0,0.0,0.0,0
ev1_status,mean_total_gain <= 2% of max_mean_total_gain (6214.612250) and nonzero_fold_count <= 2,steps_to_start1_earliest,0.0,0.0,0.0,0.0,0.0,0.0,0.0,0.0,0.0,0
ev1_status,mean_total_gain <= 2% of max_mean_total_gain (6214.612250) and nonzero_fold_count <= 2,steps_to_end2_latest,0.0,0.0,0.0,0.0,0.0,0.0,0.0,0.0,0.0,0
ev1_status,mean_total_gain <= 2% of max_mean_total_gain (6214.612250) and nonzero_fold_count <= 2,window_length_slack_2,0.0,0.0,0.0,0.0,0.0,0.0,0.0,0.0,0.0,0
ev2_status,mean_total_gain <= 2% of max_mean_total_gain (5890.036375) and nonzero_fold_count <= 2,end1_latest,0.0,0.0,0.0,0.0,0.0,0.0,0.0,0.0,0.0,0
ev2_status,mean_total_gain <= 2% of max_mean_total_gain (5890.036375) and nonzero_fold_count <= 2,end1_observed,0.0,0.0,0.0,0.0,0.0,0.0,0.0,0.0,0.0,0
ev2_status,mean_total_gain <= 2% of max_mean_total_gain (5890.036375) and nonzero_fold_count <= 2,end2,0.0,0.0,0.0,0.0,0.0,0.0,0.0,0.0,0.0,0
ev2_status,mean_total_gain <= 2% of max_mean_total_gain (5890.036375) and nonzero_fold_count <= 2,observed_window_length_2,0.0,0.0,0.0,0.0,0.0,0.0,0.0,0.0,0.0,0
ev2_status,mean_total_gain <= 2% of max_mean_total_gain (5890.036375) and nonzero_fold_count <= 2,max_commute_steps_2,0.0,0.0,0.0,0.0,0.0,0.0,0.0,0.0,0.0,0
ev2_status,mean_total_gain <= 2% of max_mean_total_gain (5890.036375) and nonzero_fold_count <= 2,end2_latest,0.0,0.0,0.0,0.0,0.0,0.0,0.0,0.0,0.0,0
ev2_status,mean_total_gain <= 2% of max_mean_total_gain (5890.036375) and nonzero_fold_count <= 2,status_lag_1_is_pad,0.0,0.0,0.0,0.0,0.0,0.0,0.0,0.0,0.0,0
ev2_status,mean_total_gain <= 2% of max_mean_total_gain (5890.036375) and nonzero_fold_count <= 2,start2_observed,0.0,0.0,0.0,0.0,0.0,0.0,0.0,0.0,0.0,0
ev2_status,mean_total_gain <= 2% of max_mean_total_gain (5890.036375) and nonzero_fold_count <= 2,start1_observed,0.0,0.0,0.0,0.0,0.0,0.0,0.0,0.0,0.0,0
ev2_status,mean_total_gain <= 2% of max_mean_total_gain (5890.036375) and nonzero_fold_count <= 2,start2_earliest,0.0,0.0,0.0,0.0,0.0,0.0,0.0,0.0,0.0,0
ev2_status,mean_total_gain <= 2% of max_mean_total_gain (5890.036375) and nonzero_fold_count <= 2,start1_earliest,0.0,0.0,0.0,0.0,0.0,0.0,0.0,0.0,0.0,0
ev2_status,mean_total_gain <= 2% of max_mean_total_gain (5890.036375) and nonzero_fold_count <= 2,max_commute_steps_1,0.0,0.0,0.0,0.0,0.0,0.0,0.0,0.0,0.0,0
ev2_status,mean_total_gain <= 2% of max_mean_total_gain (5890.036375) and nonzero_fold_count <= 2,end2_observed,0.0,0.0,0.0,0.0,0.0,0.0,0.0,0.0,0.0,0
ev2_status,mean_total_gain <= 2% of max_mean_total_gain (5890.036375) and nonzero_fold_count <= 2,status_lag_2_is_pad,0.0,0.0,0.0,0.0,0.0,0.0,0.0,0.0,0.0,0
ev2_status,mean_total_gain <= 2% of max_mean_total_gain (5890.036375) and nonzero_fold_count <= 2,steps_to_end1_latest,0.0,0.0,0.0,0.0,0.0,0.0,0.0,0.0,0.0,0
ev2_status,mean_total_gain <= 2% of max_mean_total_gain (5890.036375) and nonzero_fold_count <= 2,status_lag_8_is_pad,0.0,0.0,0.0,0.0,0.0,0.0,0.0,0.0,0.0,0
ev2_status,mean_total_gain <= 2% of max_mean_total_gain (5890.036375) and nonzero_fold_count <= 2,status_lag_8,0.0,0.0,0.0,0.0,0.0,0.0,0.0,0.0,0.0,0
ev2_status,mean_total_gain <= 2% of max_mean_total_gain (5890.036375) and nonzero_fold_count <= 2,status_lag_4_is_pad,0.0,0.0,0.0,0.0,0.0,0.0,0.0,0.0,0.0,0
ev2_status,mean_total_gain <= 2% of max_mean_total_gain (5890.036375) and nonzero_fold_count <= 2,steps_to_start2_earliest,0.0,0.0,0.0,0.0,0.0,0.0,0.0,0.0,0.0,0
ev2_status,mean_total_gain <= 2% of max_mean_total_gain (5890.036375) and nonzero_fold_count <= 2,steps_to_start1_earliest,0.0,0.0,0.0,0.0,0.0,0.0,0.0,0.0,0.0,0
ev2_status,mean_total_gain <= 2% of max_mean_total_gain (5890.036375) and nonzero_fold_count <= 2,steps_to_end2_latest,0.0,0.0,0.0,0.0,0.0,0.0,0.0,0.0,0.0,0
ev2_status,mean_total_gain <= 2% of max_mean_total_gain (5890.036375) and nonzero_fold_count <= 2,window_length_slack_2,0.0,0.0,0.0,0.0,0.0,0.0,0.0,0.0,0.0,0
