window_size,run_id,pairs,avg_total_cost,avg_total_delta_vs_waterfall,avg_total_delta_vs_oracle,avg_net_delta_vs_waterfall,avg_net_delta_vs_oracle,wins_vs_waterfall,wins_vs_oracle,bess_target_rate,ev1_target_rate,ev2_target_rate
2,3,140,12.68434329148948,0.963701815656102,2.7875495077466277,0.9637018156561018,2.7875495077466277,26,3,0.9857142857142858,0.9714285714285714,0.9714285714285714
4,4,140,12.84422436940105,1.1235828935676722,2.947430585658198,1.1235828935676717,2.947430585658198,21,4,1.0,0.9571428571428572,0.9571428571428572
8,6,140,12.96054582226455,1.2399043464311719,3.063752038521698,1.2399043464311716,3.063752038521698,21,4,1.0,0.9571428571428572,0.9571428571428572
6,5,140,12.96622408605717,1.2455826102237946,3.0694303023143203,1.2455826102237941,3.06943030231432,19,4,1.0,0.9571428571428572,0.9571428571428572
48,11,140,13.277304331621075,1.556662855787695,3.3805105478782203,1.5566628557876945,3.3805105478782203,23,0,1.0,1.0,1.0
32,10,140,13.446372031440935,1.725730555607558,3.549578247698083,1.7257305556075575,3.549578247698083,22,0,1.0,1.0,1.0
12,7,140,13.59137771780796,1.8707362419745814,3.694583934065107,1.8707362419745814,3.694583934065107,16,2,1.0,0.9642857142857143,0.9642857142857143
24,9,140,13.615353647353293,1.8947121715199136,3.718559863610439,1.8947121715199131,3.718559863610439,12,0,1.0,0.9785714285714285,0.9785714285714285
16,8,140,13.769402458177533,2.0487609823441546,3.87260867443468,2.048760982344154,3.87260867443468,13,0,1.0,0.9642857142857143,0.9642857142857143
