params,score
"{""max_depth"": null, ""max_features"": ""sqrt"", ""min_samples_leaf"": 1, ""n_estimators"": 100}",0.28918
"{""max_depth"": null, ""max_features"": 0.5, ""min_samples_leaf"": 1, ""n_estimators"": 100}",0.29957
"{""max_depth"": null, ""max_features"": 1.0, ""min_samples_leaf"": 1, ""n_estimators"": 100}",0.31143
"{""max_depth"": null, ""max_features"": ""sqrt"", ""min_samples_leaf"": 2, ""n_estimators"": 100}",0.29042
"{""max_depth"": null, ""max_features"": 0.5, ""min_samples_leaf"": 2, ""n_estimators"": 100}",0.29203
"{""max_depth"": null, ""max_features"": 1.0, ""min_samples_leaf"": 2, ""n_estimators"": 100}",0.31092
"{""max_depth"": null, ""max_features"": ""sqrt"", ""min_samples_leaf"": 5, ""n_estimators"": 100}",0.28526
"{""max_depth"": null, ""max_features"": 0.5, ""min_samples_leaf"": 5, ""n_estimators"": 100}",0.29062
"{""max_depth"": null, ""max_features"": 1.0, ""min_samples_leaf"": 5, ""n_estimators"": 100}",0.30701
"{""max_depth"": 10, ""max_features"": ""sqrt"", ""min_samples_leaf"": 1, ""n_estimators"": 100}",0.29064
"{""max_depth"": 10, ""max_features"": 0.5, ""min_samples_leaf"": 1, ""n_estimators"": 100}",0.29957
"{""max_depth"": 10, ""max_features"": 1.0, ""min_samples_leaf"": 1, ""n_estimators"": 100}",0.31694
"{""max_depth"": 10, ""max_features"": ""sqrt"", ""min_samples_leaf"": 2, ""n_estimators"": 100}",0.28444
"{""max_depth"": 10, ""max_features"": 0.5, ""min_samples_leaf"": 2, ""n_estimators"": 100}",0.29755
"{""max_depth"": 10, ""max_features"": 1.0, ""min_samples_leaf"": 2, ""n_estimators"": 100}",0.31216
"{""max_depth"": 10, ""max_features"": ""sqrt"", ""min_samples_leaf"": 5, ""n_estimators"": 100}",0.28522
"{""max_depth"": 10, ""max_features"": 0.5, ""min_samples_leaf"": 5, ""n_estimators"": 100}",0.29068
"{""max_depth"": 10, ""max_features"": 1.0, ""min_samples_leaf"": 5, ""n_estimators"": 100}",0.30822
"{""max_depth"": 20, ""max_features"": ""sqrt"", ""min_samples_leaf"": 1, ""n_estimators"": 100}",0.28756
"{""max_depth"": 20, ""max_features"": 0.5, ""min_samples_leaf"": 1, ""n_estimators"": 100}",0.29965
"{""max_depth"": 20, ""max_features"": 1.0, ""min_samples_leaf"": 1, ""n_estimators"": 100}",0.31415
"{""max_depth"": 20, ""max_features"": ""sqrt"", ""min_samples_leaf"": 2, ""n_estimators"": 100}",0.28606
"{""max_depth"": 20, ""max_features"": 0.5, ""min_samples_leaf"": 2, ""n_estimators"": 100}",0.29577
"{""max_depth"": 20, ""max_features"": 1.0, ""min_samples_leaf"": 2, ""n_estimators"": 100}",0.31591
"{""max_depth"": 20, ""max_features"": ""sqrt"", ""min_samples_leaf"": 5, ""n_estimators"": 100}",0.28138
"{""max_depth"": 20, ""max_features"": 0.5, ""min_samples_leaf"": 5, ""n_estimators"": 100}",0.29171
"{""max_depth"": 20, ""max_features"": 1.0, ""min_samples_leaf"": 5, ""n_estimators"": 100}",0.309
"{""max_depth"": null, ""max_features"": ""sqrt"", ""min_samples_leaf"": 1, ""n_estimators"": 300}",0.28831
"{""max_depth"": null, ""max_features"": 0.5, ""min_samples_leaf"": 1, ""n_estimators"": 300}",0.29491
"{""max_depth"": null, ""max_features"": 1.0, ""min_samples_leaf"": 1, ""n_estimators"": 300}",0.31095
"{""max_depth"": null, ""max_features"": ""sqrt"", ""min_samples_leaf"": 2, ""n_estimators"": 300}",0.28787
"{""max_depth"": null, ""max_features"": 0.5, ""min_samples_leaf"": 2, ""n_estimators"": 300}",0.29301
"{""max_depth"": null, ""max_features"": 1.0, ""min_samples_leaf"": 2, ""n_estimators"": 300}",0.31207
"{""max_depth"": null, ""max_features"": ""sqrt"", ""min_samples_leaf"": 5, ""n_estimators"": 300}",0.28277
"{""max_depth"": null, ""max_features"": 0.5, ""min_samples_leaf"": 5, ""n_estimators"": 300}",0.29076
"{""max_depth"": null, ""max_features"": 1.0, ""min_samples_leaf"": 5, ""n_estimators"": 300}",0.30775
"{""max_depth"": 10, ""max_features"": ""sqrt"", ""min_samples_leaf"": 1, ""n_estimators"": 300}",0.29048
"{""max_depth"": 10, ""max_features"": 0.5, ""min_samples_leaf"": 1, ""n_estimators"": 300}",0.29913
"{""max_depth"": 10, ""max_features"": 1.0, ""min_samples_leaf"": 1, ""n_estimators"": 300}",0.31261
"{""max_depth"": 10, ""max_features"": ""sqrt"", ""min_samples_leaf"": 2, ""n_estimators"": 300}",0.28855
"{""max_depth"": 10, ""max_features"": 0.5, ""min_samples_leaf"": 2, ""n_estimators"": 300}",0.29752
"{""max_depth"": 10, ""max_features"": 1.0, ""min_samples_leaf"": 2, ""n_estimators"": 300}",0.31274
"{""max_depth"": 10, ""max_features"": ""sqrt"", ""min_samples_leaf"": 5, ""n_estimators"": 300}",0.28392
"{""max_depth"": 10, ""max_features"": 0.5, ""min_samples_leaf"": 5, ""n_estimators"": 300}",0.29199
"{""max_depth"": 10, ""max_features"": 1.0, ""min_samples_leaf"": 5, ""n_estimators"": 300}",0.30613
"{""max_depth"": 20, ""max_features"": ""sqrt"", ""min_samples_leaf"": 1, ""n_estimators"": 300}",0.28766
"{""max_depth"": 20, ""max_features"": 0.5, ""min_samples_leaf"": 1, ""n_estimators"": 300}",0.29468
"{""max_depth"": 20, ""max_features"": 1.0, ""min_samples_leaf"": 1, ""n_estimators"": 300}",0.31311
"{""max_depth"": 20, ""max_features"": ""sqrt"", ""min_samples_leaf"": 2, ""n_estimators"": 300}",0.28781
"{""max_depth"": 20, ""max_features"": 0.5, ""min_samples_leaf"": 2, ""n_estimators"": 300}",0.29391
"{""max_depth"": 20, ""max_features"": 1.0, ""min_samples_leaf"": 2, ""n_estimators"": 300}",0.31115
"{""max_depth"": 20, ""max_features"": ""sqrt"", ""min_samples_leaf"": 5, ""n_estimators"": 300}",0.28306
"{""max_depth"": 20, ""max_features"": 0.5, ""min_samples_leaf"": 5, ""n_estimators"": 300}",0.29019
"{""max_depth"": 20, ""max_features"": 1.0, ""min_samples_leaf"": 5, ""n_estimators"": 300}",0.30534
"{""max_depth"": null, ""max_features"": ""sqrt"", ""min_samples_leaf"": 1, ""n_estimators"": 500}",0.28834
"{""max_depth"": null, ""max_features"": 0.5, ""min_samples_leaf"": 1, ""n_estimators"": 500}",0.29642
"{""max_depth"": null, ""max_features"": 1.0, ""min_samples_leaf"": 1, ""n_estimators"": 500}",0.31164
"{""max_depth"": null, ""max_features"": ""sqrt"", ""min_samples_leaf"": 2, ""n_estimators"": 500}",0.28676
"{""max_depth"": null, ""max_features"": 0.5, ""min_samples_leaf"": 2, ""n_estimators"": 500}",0.29319
"{""max_depth"": null, ""max_features"": 1.0, ""min_samples_leaf"": 2, ""n_estimators"": 500}",0.31172
"{""max_depth"": null, ""max_features"": ""sqrt"", ""min_samples_leaf"": 5, ""n_estimators"": 500}",0.28344
"{""max_depth"": null, ""max_features"": 0.5, ""min_samples_leaf"": 5, ""n_estimators"": 500}",0.28912
"{""max_depth"": null, ""max_features"": 1.0, ""min_samples_leaf"": 5, ""n_estimators"": 500}",0.30504
"{""max_depth"": 10, ""max_features"": ""sqrt"", ""min_samples_leaf"": 1, ""n_estimators"": 500}",0.28918
"{""max_depth"": 10, ""max_features"": 0.5, ""min_samples_leaf"": 1, ""n_estimators"": 500}",0.29622
"{""max_depth"": 10, ""max_features"": 1.0, ""min_samples_leaf"": 1, ""n_estimators"": 500}",0.31368
"{""max_depth"": 10, ""max_features"": ""sqrt"", ""min_samples_leaf"": 2, ""n_estimators"": 500}",0.28702
"{""max_depth"": 10, ""max_features"": 0.5, ""min_samples_leaf"": 2, ""n_estimators"": 500}",0.29707
"{""max_depth"": 10, ""max_features"": 1.0, ""min_samples_leaf"": 2, ""n_estimators"": 500}",0.31272
"{""max_depth"": 10, ""max_features"": ""sqrt"", ""min_samples_leaf"": 5, ""n_estimators"": 500}",0.28565
"{""max_depth"": 10, ""max_features"": 0.5, ""min_samples_leaf"": 5, ""n_estimators"": 500}",0.29169
"{""max_depth"": 10, ""max_features"": 1.0, ""min_samples_leaf"": 5, ""n_estimators"": 500}",0.30608
"{""max_depth"": 20, ""max_features"": ""sqrt"", ""min_samples_leaf"": 1, ""n_estimators"": 500}",0.28817
"{""max_depth"": 20, ""max_features"": 0.5, ""min_samples_leaf"": 1, ""n_estimators"": 500}",0.29509
"{""max_depth"": 20, ""max_features"": 1.0, ""min_samples_leaf"": 1, ""n_estimators"": 500}",0.31223
"{""max_depth"": 20, ""max_features"": ""sqrt"", ""min_samples_leaf"": 2, ""n_estimators"": 500}",0.28569
"{""max_depth"": 20, ""max_features"": 0.5, ""min_samples_leaf"": 2, ""n_estimators"": 500}",0.29499
"{""max_depth"": 20, ""max_features"": 1.0, ""min_samples_leaf"": 2, ""n_estimators"": 500}",0.31171
"{""max_depth"": 20, ""max_features"": ""sqrt"", ""min_samples_leaf"": 5, ""n_estimators"": 500}",0.28402
"{""max_depth"": 20, ""max_features"": 0.5, ""min_samples_leaf"": 5, ""n_estimators"": 500}",0.29074
"{""max_depth"": 20, ""max_features"": 1.0, ""min_samples_leaf"": 5, ""n_estimators"": 500}",0.30512
