target,learning_rate,n_estimators,max_depth,mean_score,fold_A,fold_B,fold_C,fold_D,fold_E
base_load,0.05,100,3,0.4603579228434122,0.44447981352622334,0.409058888058017,0.44545323141041715,0.7396297052918684,0.26316797593053515
base_load,0.05,100,5,0.4753459087009951,0.46561831094997375,0.41888657250612676,0.4434299607884419,0.7780332737547696,0.2707614255056632
base_load,0.05,100,7,0.49456796648586654,0.4750687538622783,0.428548974317315,0.47369116686807683,0.8134513651665555,0.2820795722151068
base_load,0.05,300,3,0.4722019809084328,0.4543359809342897,0.40943259389740844,0.4560323831449109,0.7759322795190469,0.265276667046508
base_load,0.05,300,5,0.4845495906827938,0.46539801363955313,0.42137612513801165,0.4529906903839784,0.7932897349407303,0.2896933893116955
base_load,0.05,300,7,0.4986754051625709,0.47802623156213314,0.43539901722643926,0.4786190684362306,0.8164671775523215,0.28486553103573053
base_load,0.05,600,3,0.4827120132396955,0.46111069625665946,0.41017193501663785,0.4626193472458258,0.7965538509050001,0.2831042367743542
base_load,0.05,600,5,0.4901451396605325,0.469646610393877,0.4259164927696705,0.45760348997539757,0.798885183150465,0.29867392201325277
base_load,0.05,600,7,0.5009494803136968,0.48008370755873536,0.43686642294871175,0.48030243503311276,0.8171929718187502,0.29030186420917375
base_load,0.1,100,3,0.4664877995345581,0.4470302235874576,0.40929021293529605,0.4502831397940705,0.7636831589753507,0.26215226238061545
base_load,0.1,100,5,0.4796552157646614,0.4633300179935829,0.4254132787829916,0.45204320969716183,0.7850779966460597,0.2724115757035111
base_load,0.1,100,7,0.4917474501140915,0.4797484773642479,0.436521427789068,0.46168254899418537,0.7933120083676397,0.2874727880553166
base_load,0.1,300,3,0.4847092886636,0.4564893521411096,0.4155902508039307,0.46453021246775167,0.802283583338739,0.28465304456646906
base_load,0.1,300,5,0.4897423549540564,0.47001918595519016,0.4318404123707827,0.4624448192326809,0.794716206224125,0.2896911509875034
base_load,0.1,300,7,0.49478416320380597,0.4817942864371706,0.43905650033059546,0.46425276733037935,0.7942012351860418,0.2946160267348427
base_load,0.1,600,3,0.4952779184635375,0.46842559161021363,0.4192460431634529,0.4721737078583538,0.8223813364185478,0.2941629132671195
base_load,0.1,600,5,0.49239162614567417,0.47186791115443816,0.43339262160188546,0.4647002556325194,0.7967526074691602,0.29524473487036806
base_load,0.1,600,7,0.4949559263277342,0.48211982975115514,0.43931597838132247,0.4643491143934056,0.7943217683606728,0.2946729407521149
base_load,0.2,100,3,0.4869696744363818,0.46939943473269896,0.4177580239278591,0.47435501058745266,0.7969255382563655,0.2764103646775331
base_load,0.2,100,5,0.49709027568936975,0.4769047217497923,0.42321065696350046,0.46602411589736437,0.8182426716517415,0.30106921218445004
base_load,0.2,100,7,0.5018012853840155,0.4940516567135244,0.4394575421246531,0.4848738436000802,0.7995132833497283,0.2911101011320911
base_load,0.2,300,3,0.5005058850371694,0.479580462120887,0.4270998644150843,0.483071162478429,0.8114310922282962,0.30134684394315076
base_load,0.2,300,5,0.5018650796896453,0.47861565429456726,0.42608152890550444,0.470332275586765,0.8202725684513343,0.31402337121005613
base_load,0.2,300,7,0.5023467683297075,0.49520124796931375,0.4397571841182265,0.48586791627122555,0.7997300674179755,0.29117742587179646
base_load,0.2,600,3,0.508236779291636,0.48219537676757346,0.42948852670458426,0.4909588974617986,0.8211393654169156,0.31740173010730777
base_load,0.2,600,5,0.5023617620307866,0.47981646760137153,0.42628085523375187,0.47064256178960423,0.8206068223004621,0.31446210322874313
base_load,0.2,600,7,0.5023467683922703,0.4952012481811242,0.4397571840692075,0.4858679162895824,0.7997300674179755,0.29117742600346225
pv_gen,0.05,100,3,0.14958143285073242,0.15489253476860035,0.06584784900082868,0.09641220128507504,0.33307351685766573,0.09768106234149228
pv_gen,0.05,100,5,0.14219013807622802,0.1399912472258484,0.05615552448312984,0.07644880587418837,0.3838231504289966,0.054531962368976825
pv_gen,0.05,100,7,0.14529810272702642,0.1357808863052395,0.05602862036798167,0.06344656787531804,0.3776790508875391,0.09355538819905387
pv_gen,0.05,300,3,0.13835385027405706,0.13314274724499592,0.05686335433321493,0.07241101419462466,0.34187742109745756,0.08747471449999222
pv_gen,0.05,300,5,0.1322117865714973,0.1267476529591651,0.05694881917017355,0.055820872203869776,0.3741228466366449,0.04741874188763306
pv_gen,0.05,300,7,0.13939985538345812,0.1284813597260006,0.05521412625717159,0.05565246504175804,0.369634034966353,0.08801729092600735
pv_gen,0.05,600,3,0.13107433962623574,0.120165222725621,0.0565273254289372,0.060919632148526325,0.3418541820685118,0.07590533575958239
pv_gen,0.05,600,5,0.13073143613554902,0.12062048163183067,0.06010177741183911,0.05184597843808575,0.3726882284473807,0.04840071474860894
pv_gen,0.05,600,7,0.1388800238755043,0.12712613539635578,0.05443373790099669,0.05543354342708328,0.3696583079035084,0.0877483947495774
pv_gen,0.1,100,3,0.1436694162632109,0.14090636647450383,0.06434727318226116,0.08407203616454272,0.34085582951219745,0.08816557598254923
pv_gen,0.1,100,5,0.13731952608381093,0.1421514894000335,0.05621520800125105,0.0653107749573569,0.3778513194328009,0.04506883862761229
pv_gen,0.1,100,7,0.1425763371126426,0.1355347735131487,0.05960495726018614,0.059693460464382474,0.36242803511654553,0.09562045920895011
pv_gen,0.1,300,3,0.12619772426645787,0.12350744367145221,0.06207388408264972,0.06255678055862657,0.3319297848091331,0.05092072821042769
pv_gen,0.1,300,5,0.13307256332105274,0.13146177939748288,0.05686120949413377,0.058812776949825445,0.37395491403300596,0.04427213673081581
pv_gen,0.1,300,7,0.14194344049884192,0.134233357380419,0.059100327886452766,0.05889084373519769,0.3610833966091993,0.09640927688294072
pv_gen,0.1,600,3,0.12340017750535485,0.11689377072322735,0.06420099440116796,0.05802365130777591,0.33134613152157666,0.04653633957302637
pv_gen,0.1,600,5,0.1351156928149404,0.1310557668433639,0.05773425932275295,0.05780115640734423,0.3745490759909394,0.05443820551030156
pv_gen,0.1,600,7,0.14304411969314507,0.13438665382861545,0.05910006729626524,0.05863970781861184,0.3611166233100915,0.10197754621214125
pv_gen,0.2,100,3,0.13426157962062574,0.13456791445638738,0.06243533111503054,0.07324175848983824,0.3429804786577784,0.05808241538409401
pv_gen,0.2,100,5,0.1319363892327771,0.12317192247087834,0.05790053644487971,0.06328617370930818,0.3693176595252548,0.04600565401356439
pv_gen,0.2,100,7,0.1393054280481368,0.11846257654882092,0.06148815262859594,0.0654635039709573,0.36622083159947283,0.08489207549283709
pv_gen,0.2,300,3,0.127043289253921,0.12258981180796605,0.06419729013042383,0.062301386682462,0.3416433437342324,0.044484613914520646
pv_gen,0.2,300,5,0.13674923277799161,0.12099263442824054,0.05885773602163996,0.06392182565946358,0.3688450868848701,0.07112888089574375
pv_gen,0.2,300,7,0.14059554088448145,0.11841931526767209,0.061821120720070906,0.06538547355350055,0.36600163694543414,0.09135015793572955
pv_gen,0.2,600,3,0.12498476280242388,0.12032446478125276,0.0669344898668996,0.05986295041549113,0.34107635449886803,0.03672555444960792
pv_gen,0.2,600,5,0.14024731041471342,0.12125947455431128,0.05921108161455343,0.06410468017561932,0.36889162278493637,0.08776969294414673
pv_gen,0.2,600,7,0.14059554088705312,0.11841931526766644,0.06182112072007125,0.0653854735534216,0.36600163694540894,0.09135015794869734
ev1_status,0.05,100,3,0.092404605448246,0.09001264721155167,0.09398145228624344,0.09285327047109604,0.09133454412221909,0.09384111315011978
ev1_status,0.05,100,5,0.08906375765800476,0.08727505803108215,0.08971279859542847,0.09161478281021118,0.08714167028665543,0.08957447856664658
ev1_status,0.05,100,7,0.08855029791593552,0.0883796438574791,0.08932334184646606,0.09066641330718994,0.0858708992600441,0.08851119130849838
ev1_status,0.05,300,3,0.08230000585317612,0.07980816811323166,0.08283326774835587,0.08454836159944534,0.08037539571523666,0.08393483608961105
ev1_status,0.05,300,5,0.08247340321540833,0.07986649870872498,0.08207479119300842,0.08569997549057007,0.08059057593345642,0.08413517475128174
ev1_status,0.05,300,7,0.08458829075098037,0.08311127871274948,0.08373084664344788,0.08579663187265396,0.0820499062538147,0.08825279027223587
ev1_status,0.05,600,3,0.08206512480974197,0.07930908352136612,0.08218324929475784,0.08468413352966309,0.08051925152540207,0.08362990617752075
ev1_status,0.05,600,5,0.08406489193439484,0.08095652610063553,0.08161726593971252,0.08657243102788925,0.08383049815893173,0.08734773844480515
ev1_status,0.05,600,7,0.08694759458303451,0.0880947932600975,0.08306354284286499,0.08837371319532394,0.085809625685215,0.08939629793167114
ev1_status,0.1,100,3,0.08338219374418258,0.08106153458356857,0.08413904905319214,0.0850548967719078,0.08196978271007538,0.08468570560216904
ev1_status,0.1,100,5,0.08258287906646729,0.08033967763185501,0.0827060416340828,0.08576047420501709,0.08033633977174759,0.08377186208963394
ev1_status,0.1,100,7,0.08331806659698486,0.0826980248093605,0.08327066898345947,0.08538395166397095,0.08038961887359619,0.0848480686545372
ev1_status,0.1,300,3,0.08203059583902358,0.07949159294366837,0.08254352957010269,0.08453220129013062,0.08005067706108093,0.08353497833013535
ev1_status,0.1,300,5,0.08459893465042115,0.08323939889669418,0.08346962183713913,0.08537779003381729,0.08387712389230728,0.08703073859214783
ev1_status,0.1,300,7,0.08726875334978104,0.08854707330465317,0.0822734609246254,0.09019681066274643,0.08473364263772964,0.09059277921915054
ev1_status,0.1,600,3,0.08337577730417252,0.07966260612010956,0.08283986151218414,0.08579713106155396,0.08308494836091995,0.08549433946609497
ev1_status,0.1,600,5,0.08698351830244064,0.08559929579496384,0.08369927853345871,0.08960924297571182,0.08734488487243652,0.08866488933563232
ev1_status,0.1,600,7,0.09247644394636154,0.09429045766592026,0.0860581025481224,0.09458396583795547,0.08940959721803665,0.09804009646177292
ev1_status,0.2,100,3,0.08226681053638459,0.07986456155776978,0.08230914920568466,0.08488442748785019,0.08040118962526321,0.08387472480535507
ev1_status,0.2,100,5,0.08283784836530686,0.08030164241790771,0.08277647197246552,0.08605942875146866,0.08105456084012985,0.08399713784456253
ev1_status,0.2,100,7,0.08526645749807357,0.08435197919607162,0.08305595815181732,0.08795865625143051,0.08324764668941498,0.08771804720163345
ev1_status,0.2,300,3,0.08280850946903229,0.08027614653110504,0.08271723240613937,0.08492960780858994,0.08183533698320389,0.0842842236161232
ev1_status,0.2,300,5,0.0862321451306343,0.08851698786020279,0.08177191019058228,0.0879085436463356,0.0859241709113121,0.08703911304473877
ev1_status,0.2,300,7,0.09293541908264161,0.09548870474100113,0.0867113471031189,0.09395840018987656,0.09090012311935425,0.09761852025985718
ev1_status,0.2,600,3,0.0852518379688263,0.0833086147904396,0.08482947945594788,0.08757229894399643,0.08407765626907349,0.08647114038467407
ev1_status,0.2,600,5,0.09146283119916916,0.09501581639051437,0.08490178734064102,0.0931333377957344,0.08999735862016678,0.09426585584878922
ev1_status,0.2,600,7,0.09937377274036407,0.10320279747247696,0.09097778797149658,0.10035599023103714,0.09576026350259781,0.10657202452421188
ev2_status,0.05,100,3,0.09281801134347915,0.0906510129570961,0.09441173821687698,0.09356177598237991,0.09129879623651505,0.09416673332452774
ev2_status,0.05,100,5,0.08925033956766129,0.08762537688016891,0.09017938375473022,0.09162553399801254,0.08678194880485535,0.0900394544005394
ev2_status,0.05,100,7,0.08899660557508468,0.0894642174243927,0.09050270169973373,0.09028729051351547,0.0855608582496643,0.08916795998811722
ev2_status,0.05,300,3,0.0826930433511734,0.08040492981672287,0.08352130651473999,0.08520805090665817,0.08020537346601486,0.08412555605173111
ev2_status,0.05,300,5,0.08306928724050522,0.08020618557929993,0.0840449333190918,0.08501750230789185,0.08039774745702744,0.08568006753921509
ev2_status,0.05,300,7,0.08489222228527069,0.08421235531568527,0.08627768605947495,0.08519858121871948,0.0810137465596199,0.08775874227285385
ev2_status,0.05,600,3,0.08245229870080947,0.08009839057922363,0.08291250467300415,0.08438513427972794,0.08008614927530289,0.08477931469678879
ev2_status,0.05,600,5,0.08578654825687408,0.08475544303655624,0.08752002567052841,0.08479452133178711,0.08250666409730911,0.08935608714818954
ev2_status,0.05,600,7,0.09044126719236374,0.09302998334169388,0.09159684926271439,0.08913583308458328,0.0843055248260498,0.09413814544677734
ev2_status,0.1,100,3,0.08382170051336288,0.08128966391086578,0.08520891517400742,0.08583319187164307,0.08189224451780319,0.08488448709249496
ev2_status,0.1,100,5,0.08284489661455155,0.08076152950525284,0.08329742401838303,0.08562278002500534,0.07995814830064774,0.08458460122346878
ev2_status,0.1,100,7,0.08386451750993729,0.08449491113424301,0.08497586846351624,0.08403089642524719,0.08021006733179092,0.08561084419488907
ev2_status,0.1,300,3,0.08244575560092926,0.07998906075954437,0.08296564966440201,0.08447358012199402,0.08041298389434814,0.08438750356435776
ev2_status,0.1,300,5,0.08601513057947159,0.08422990888357162,0.08847823739051819,0.08487079292535782,0.08204082399606705,0.09045588970184326
ev2_status,0.1,300,7,0.0902637466788292,0.0910569503903389,0.09188807010650635,0.08842063695192337,0.08442527055740356,0.09552780538797379
ev2_status,0.1,600,3,0.08351082503795623,0.08187251538038254,0.08442485332489014,0.08464508503675461,0.08080821484327316,0.08580345660448074
ev2_status,0.1,600,5,0.09001079052686692,0.09189490228891373,0.09280683845281601,0.08598166704177856,0.0839904174208641,0.09538012742996216
ev2_status,0.1,600,7,0.09805643111467362,0.1034121885895729,0.10193825513124466,0.09304862469434738,0.08853742480278015,0.10334566235542297
ev2_status,0.2,100,3,0.08247603476047516,0.07983716577291489,0.08351076394319534,0.08524683862924576,0.07961499691009521,0.08417040854692459
ev2_status,0.2,100,5,0.08383160531520843,0.08078524470329285,0.08492005616426468,0.08542976528406143,0.08078259974718094,0.08724036067724228
ev2_status,0.2,100,7,0.08740214109420777,0.0867188572883606,0.08828052878379822,0.08684339374303818,0.08202770352363586,0.09314022213220596
ev2_status,0.2,300,3,0.08418294042348862,0.08178658038377762,0.0849577784538269,0.08576774597167969,0.08151628822088242,0.08688630908727646
ev2_status,0.2,300,5,0.08930016607046128,0.08907393366098404,0.09251595288515091,0.08650761842727661,0.08404996991157532,0.09435335546731949
ev2_status,0.2,300,7,0.09773325324058532,0.10295095294713974,0.098675936460495,0.0942186713218689,0.08792781829833984,0.10489288717508316
ev2_status,0.2,600,3,0.08689031600952149,0.08515238761901855,0.08853155374526978,0.08680564910173416,0.08316674828529358,0.09079524129629135
ev2_status,0.2,600,5,0.09542520195245743,0.09578155726194382,0.10109040886163712,0.09006091207265854,0.08836958557367325,0.10182354599237442
ev2_status,0.2,600,7,0.10523397773504257,0.1132555603981018,0.10765514522790909,0.09920394420623779,0.09191540628671646,0.11413983255624771
